{"stats":{"minecraft:dropped":{"deeperdarker:gloomslate_diamond_ore":1,"minecraft:golden_horse_armor":1,"minecraft:glow_item_frame":1,"minecraft:command_block":1,"minecraft:diamond_horse_armor":1,"minecraft:sculk":34,"minecraft:stone_button":1,"minecraft:sculk_catalyst":4,"minecraft:string":37,"minecraft:bone":61,"minecraft:rotten_flesh":23,"deeperdarker:heart_of_the_deep":1,"minecraft:spider_eye":23,"minecraft:arrow":7,"minecraft:terracotta":1},"minecraft:custom":{"minecraft:mob_kills":100,"minecraft:interact_with_crafting_table":6,"minecraft:leave_game":1,"minecraft:time_since_death":38339,"minecraft:climb_one_cm":2128,"minecraft:sprint_one_cm":107640,"minecraft:walk_one_cm":342620,"minecraft:drop":161,"minecraft:talked_to_villager":18,"minecraft:play_time":242407,"minecraft:deaths":5,"minecraft:sneak_time":6631,"minecraft:walk_under_water_one_cm":28936,"minecraft:jump":519,"minecraft:walk_on_water_one_cm":23814,"minecraft:total_world_time":242407,"minecraft:interact_with_furnace":3,"minecraft:sleep_in_bed":3,"minecraft:time_since_rest":38377,"minecraft:damage_taken":1375,"minecraft:damage_absorbed":40,"minecraft:trigger_trapped_chest":1,"minecraft:damage_dealt":32293,"minecraft:swim_one_cm":25546,"minecraft:fly_one_cm":1409269,"minecraft:open_chest":71,"minecraft:crouch_one_cm":4507,"minecraft:fall_one_cm":8605},"minecraft:used":{"minecraft:netherite_sword":94,"minecraft:stone_sword":4,"minecraft:chest":3,"minecraft:zombie_spawn_egg":18,"minecraft:cooked_salmon":1,"minecraft:torch":69,"minecraft:dirt":15,"minecraft:blue_stained_glass":1,"minecraft:villager_spawn_egg":49,"minecraft:grass_block":139,"betterend:tenanea_chest":4,"minecraft:stone_bricks":29,"minecraft:reinforced_deepslate":41,"minecraft:red_carpet":1,"minecraft:magma_block":9,"minecraft:black_stained_glass":1,"minecraft:beef":3,"minecraft:furnace":1,"minecraft:netherite_pickaxe":9,"minecraft:gold_block":2,"minecraft:stone_pressure_plate":1,"minecraft:green_stained_glass_pane":9,"deeperdarker:gloomy_cactus":1,"minecraft:water_bucket":9,"minecraft:birch_planks":1,"minecraft:elder_guardian_spawn_egg":7,"minecraft:stone_pickaxe":380,"minecraft:oak_planks":3,"minecraft:wooden_pickaxe":59,"minecraft:salmon":3,"minecraft:glow_item_frame":12,"minecraft:golden_apple":1,"minecraft:terracotta":7,"minecraft:crafting_table":3,"minecraft:white_bed":1,"minecraft:painting":1,"minecraft:dark_prismarine":1,"minecraft:light":91,"minecraft:command_block":3,"minecraft:stone_button":2,"minecraft:deepslate":23,"deeperdarker:gloomslate_diamond_ore":5,"deeperdarker:sculk_stone":72,"minecraft:wooden_sword":24,"minecraft:cobblestone":19,"minecraft:smooth_stone_slab":2,"minecraft:soul_torch":9},"minecraft:picked_up":{"minecraft:wooden_axe":1,"minecraft:crafting_table":1,"minecraft:prismarine_shard":50,"minecraft:gold_block":1,"minecraft:diamond_horse_armor":1,"minecraft:light":1,"minecraft:string":67,"minecraft:iron_axe":5,"minecraft:wooden_sword":3,"minecraft:smooth_stone_slab":1,"minecraft:sticky_piston":2,"deeperdarker:warden_carapace":5,"minecraft:netherite_sword":1,"minecraft:beef":5,"minecraft:diamond_hoe":1,"minecraft:stick":6,"minecraft:glow_item_frame":2,"minecraft:torch":1,"deeperdarker:heart_of_the_deep":3,"minecraft:stone_button":6,"minecraft:pointed_dripstone":1,"minecraft:diorite":25,"minecraft:carrot":3,"minecraft:netherite_pickaxe":1,"minecraft:prismarine_crystals":11,"minecraft:rotten_flesh":70,"minecraft:arrow":105,"minecraft:command_block":1,"minecraft:cooked_cod":36,"minecraft:iron_block":1,"minecraft:totem_of_undying":3,"minecraft:cobblestone":348,"minecraft:wet_sponge":7,"minecraft:birch_log":2,"minecraft:salmon":5,"minecraft:andesite":12,"minecraft:leather":4,"minecraft:oak_log":6,"minecraft:gunpowder":55,"minecraft:dirt":57,"minecraft:red_carpet":1,"minecraft:bone":100,"deeperdarker:gloomslate_diamond_ore":1,"minecraft:stone_bricks":1,"minecraft:kelp":26,"minecraft:bow":4,"minecraft:wheat_seeds":1,"minecraft:iron_ingot":12,"minecraft:bamboo":1,"minecraft:glass_bottle":768,"minecraft:sculk_catalyst":6,"minecraft:sculk":34,"minecraft:gravel":4,"minecraft:soul_torch":1,"minecraft:white_bed":9,"minecraft:spider_eye":43,"minecraft:light_gray_terracotta":1,"minecraft:deepslate":1,"minecraft:diamond":470,"minecraft:tide_armor_trim_smithing_template":2,"minecraft:soul_lantern":1,"minecraft:lever":2,"minecraft:bone_meal":1,"minecraft:golden_horse_armor":1,"minecraft:emerald":71,"minecraft:terracotta":5,"minecraft:coal":22},"minecraft:killed_by":{"minecraft:enderman":1,"minecraft:skeleton":3},"minecraft:broken":{"minecraft:wooden_pickaxe":1,"minecraft:stone_pickaxe":2},"minecraft:crafted":{"minecraft:wooden_sword":1,"minecraft:oak_planks":24,"minecraft:furnace":1,"minecraft:stone_pickaxe":5,"minecraft:crafting_table":2,"minecraft:wooden_pickaxe":1,"minecraft:cooked_salmon":2,"minecraft:birch_planks":8,"minecraft:stick":16,"minecraft:stone_sword":1,"minecraft:torch":4},"minecraft:mined":{"minecraft:grass_block":14,"minecraft:andesite":12,"minecraft:stone":346,"minecraft:crafting_table":1,"minecraft:light_gray_terracotta":1,"minecraft:torch":1,"minecraft:cobblestone":2,"minecraft:diorite":25,"minecraft:birch_log":2,"minecraft:birch_leaves":8,"deeperdarker:gloomslate_diamond_ore":4,"minecraft:grass":1,"minecraft:oak_log":6,"minecraft:coal_ore":22,"minecraft:gravel":4,"minecraft:dirt":28,"minecraft:terracotta":4,"minecraft:oak_leaves":1},"minecraft:killed":{"minecraft:evoker":3,"minecraft:spider":11,"minecraft:vindicator":11,"minecraft:skeleton":16,"minecraft:warden":2,"minecraft:zombie_villager":1,"minecraft:elder_guardian":7,"minecraft:salmon":8,"minecraft:bat":1,"minecraft:creeper":11,"minecraft:zombie":11,"minecraft:villager":16,"minecraft:cow":2}},"DataVersion":3463}