{"stats":{"minecraft:broken":{"minecraft:stone_pickaxe":2,"minecraft:wooden_pickaxe":1},"minecraft:used":{"minecraft:light":21,"minecraft:stone_sword":4,"minecraft:command_block":1,"minecraft:stone_pickaxe":380,"minecraft:wooden_pickaxe":59,"minecraft:cooked_salmon":1,"minecraft:wooden_sword":24,"minecraft:torch":2,"minecraft:salmon":3,"minecraft:dirt":15,"minecraft:cobblestone":19,"minecraft:beef":3,"minecraft:crafting_table":3,"minecraft:furnace":1},"minecraft:crafted":{"minecraft:wooden_sword":1,"minecraft:oak_planks":24,"minecraft:crafting_table":2,"minecraft:stick":16,"minecraft:wooden_pickaxe":1,"minecraft:stone_pickaxe":5,"minecraft:stone_sword":1,"minecraft:furnace":1,"minecraft:cooked_salmon":2,"minecraft:birch_planks":8,"minecraft:torch":4},"minecraft:killed":{"minecraft:skeleton":2,"minecraft:salmon":8,"minecraft:cow":2},"minecraft:custom":{"minecraft:time_since_rest":51490,"minecraft:interact_with_furnace":3,"minecraft:sprint_one_cm":25879,"minecraft:damage_taken":1345,"minecraft:walk_one_cm":109562,"minecraft:mob_kills":12,"minecraft:damage_dealt":977,"minecraft:swim_one_cm":25546,"minecraft:interact_with_crafting_table":5,"minecraft:fly_one_cm":42728,"minecraft:crouch_one_cm":357,"minecraft:play_time":63611,"minecraft:deaths":4,"minecraft:sneak_time":420,"minecraft:walk_under_water_one_cm":7180,"minecraft:jump":183,"minecraft:time_since_death":51114,"minecraft:walk_on_water_one_cm":3820,"minecraft:total_world_time":63611,"minecraft:fall_one_cm":7642},"minecraft:killed_by":{"minecraft:skeleton":3,"minecraft:enderman":1},"minecraft:picked_up":{"minecraft:birch_log":2,"minecraft:crafting_table":1,"minecraft:stick":6,"minecraft:salmon":5,"minecraft:andesite":12,"minecraft:leather":4,"minecraft:torch":1,"minecraft:gravel":4,"minecraft:oak_log":6,"minecraft:diorite":25,"minecraft:dirt":57,"minecraft:wooden_sword":3,"minecraft:bone":6,"minecraft:arrow":2,"minecraft:beef":5,"minecraft:bone_meal":1,"minecraft:coal":22,"minecraft:cobblestone":348},"minecraft:mined":{"minecraft:birch_log":2,"minecraft:andesite":12,"minecraft:birch_leaves":8,"minecraft:crafting_table":1,"minecraft:torch":1,"minecraft:grass":1,"minecraft:grass_block":14,"minecraft:oak_log":6,"minecraft:coal_ore":22,"minecraft:gravel":4,"minecraft:dirt":28,"minecraft:cobblestone":2,"minecraft:stone":346,"minecraft:diorite":25,"minecraft:oak_leaves":1}},"DataVersion":3463}