{"stats":{"minecraft:broken":{"minecraft:stone_pickaxe":2,"minecraft:wooden_pickaxe":1},"minecraft:used":{"minecraft:netherite_sword":91,"minecraft:stone_sword":4,"minecraft:birch_planks":1,"minecraft:elder_guardian_spawn_egg":7,"minecraft:stone_pickaxe":380,"minecraft:chest":3,"minecraft:wooden_pickaxe":59,"minecraft:zombie_spawn_egg":18,"minecraft:cooked_salmon":1,"minecraft:glow_item_frame":12,"minecraft:golden_apple":1,"minecraft:salmon":3,"minecraft:torch":2,"minecraft:dirt":15,"minecraft:terracotta":7,"minecraft:crafting_table":3,"minecraft:painting":1,"minecraft:dark_prismarine":1,"minecraft:light":91,"minecraft:villager_spawn_egg":49,"minecraft:command_block":3,"minecraft:stone_button":2,"minecraft:deepslate":23,"minecraft:black_stained_glass":1,"deeperdarker:gloomslate_diamond_ore":5,"minecraft:reinforced_deepslate":41,"deeperdarker:sculk_stone":72,"minecraft:red_carpet":1,"minecraft:wooden_sword":24,"minecraft:cobblestone":19,"minecraft:beef":3,"minecraft:furnace":1,"minecraft:gold_block":2,"minecraft:netherite_pickaxe":9,"minecraft:smooth_stone_slab":2,"minecraft:stone_pressure_plate":1,"deeperdarker:gloomy_cactus":1},"minecraft:crafted":{"minecraft:wooden_sword":1,"minecraft:oak_planks":24,"minecraft:crafting_table":2,"minecraft:wooden_pickaxe":1,"minecraft:furnace":1,"minecraft:cooked_salmon":2,"minecraft:birch_planks":8,"minecraft:stick":16,"minecraft:stone_pickaxe":5,"minecraft:stone_sword":1,"minecraft:torch":4},"minecraft:killed":{"minecraft:evoker":3,"minecraft:zombie_villager":1,"minecraft:elder_guardian":7,"minecraft:salmon":8,"minecraft:vindicator":11,"minecraft:spider":10,"minecraft:bat":1,"minecraft:creeper":10,"minecraft:skeleton":15,"minecraft:zombie":11,"minecraft:warden":2,"minecraft:villager":16,"minecraft:cow":2},"minecraft:custom":{"minecraft:interact_with_furnace":3,"minecraft:mob_kills":97,"minecraft:interact_with_crafting_table":6,"minecraft:time_since_death":177114,"minecraft:sleep_in_bed":2,"minecraft:climb_one_cm":768,"minecraft:time_since_rest":19980,"minecraft:sprint_one_cm":97417,"minecraft:damage_absorbed":40,"minecraft:damage_taken":1375,"minecraft:walk_one_cm":266338,"minecraft:trigger_trapped_chest":1,"minecraft:drop":161,"minecraft:damage_dealt":31733,"minecraft:talked_to_villager":18,"minecraft:swim_one_cm":25546,"minecraft:fly_one_cm":705121,"minecraft:open_chest":67,"minecraft:crouch_one_cm":2798,"minecraft:play_time":189611,"minecraft:deaths":4,"minecraft:sneak_time":3605,"minecraft:walk_under_water_one_cm":10534,"minecraft:jump":414,"minecraft:walk_on_water_one_cm":21567,"minecraft:total_world_time":189611,"minecraft:fall_one_cm":8605},"minecraft:killed_by":{"minecraft:skeleton":3,"minecraft:enderman":1},"minecraft:dropped":{"deeperdarker:gloomslate_diamond_ore":1,"minecraft:golden_horse_armor":1,"minecraft:rotten_flesh":23,"minecraft:glow_item_frame":1,"minecraft:command_block":1,"deeperdarker:heart_of_the_deep":1,"minecraft:diamond_horse_armor":1,"minecraft:sculk":34,"minecraft:stone_button":1,"minecraft:sculk_catalyst":4,"minecraft:spider_eye":23,"minecraft:arrow":7,"minecraft:string":37,"minecraft:bone":61,"minecraft:terracotta":1},"minecraft:picked_up":{"minecraft:birch_log":2,"minecraft:crafting_table":1,"minecraft:prismarine_shard":50,"minecraft:andesite":12,"minecraft:salmon":5,"minecraft:leather":4,"minecraft:diamond_horse_armor":1,"minecraft:oak_log":6,"minecraft:gunpowder":49,"minecraft:sticky_piston":1,"minecraft:dirt":57,"minecraft:string":61,"minecraft:iron_axe":5,"minecraft:wooden_sword":3,"minecraft:red_carpet":1,"minecraft:bone":87,"deeperdarker:gloomslate_diamond_ore":1,"deeperdarker:warden_carapace":5,"minecraft:bow":4,"minecraft:iron_ingot":12,"minecraft:beef":5,"minecraft:glass_bottle":768,"minecraft:bamboo":1,"minecraft:diamond_hoe":1,"minecraft:sculk_catalyst":6,"minecraft:stick":6,"minecraft:glow_item_frame":1,"minecraft:sculk":34,"minecraft:torch":1,"deeperdarker:heart_of_the_deep":3,"minecraft:gravel":4,"minecraft:stone_button":3,"minecraft:pointed_dripstone":1,"minecraft:diorite":25,"minecraft:white_bed":5,"minecraft:carrot":2,"minecraft:prismarine_crystals":11,"minecraft:spider_eye":43,"minecraft:light_gray_terracotta":1,"minecraft:command_block":1,"minecraft:diamond":470,"minecraft:arrow":98,"minecraft:rotten_flesh":66,"minecraft:cooked_cod":36,"minecraft:deepslate":1,"minecraft:tide_armor_trim_smithing_template":2,"minecraft:soul_lantern":1,"minecraft:lever":2,"minecraft:bone_meal":1,"minecraft:golden_horse_armor":1,"minecraft:totem_of_undying":3,"minecraft:emerald":71,"minecraft:terracotta":5,"minecraft:coal":22,"minecraft:cobblestone":348,"minecraft:wet_sponge":7},"minecraft:mined":{"minecraft:light_gray_terracotta":1,"minecraft:crafting_table":1,"minecraft:torch":1,"minecraft:grass_block":14,"minecraft:cobblestone":2,"minecraft:diorite":25,"minecraft:birch_log":2,"deeperdarker:gloomslate_diamond_ore":4,"minecraft:birch_leaves":8,"minecraft:andesite":12,"minecraft:grass":1,"minecraft:coal_ore":22,"minecraft:oak_log":6,"minecraft:gravel":4,"minecraft:dirt":28,"minecraft:terracotta":4,"minecraft:stone":346,"minecraft:oak_leaves":1}},"DataVersion":3463}