{"stats":{"minecraft:broken":{"minecraft:stone_pickaxe":2,"minecraft:wooden_pickaxe":1},"minecraft:used":{"minecraft:netherite_sword":59,"minecraft:stone_sword":4,"minecraft:birch_planks":1,"minecraft:elder_guardian_spawn_egg":7,"minecraft:stone_pickaxe":380,"minecraft:wooden_pickaxe":59,"minecraft:cooked_salmon":1,"minecraft:golden_apple":1,"minecraft:salmon":3,"minecraft:torch":2,"minecraft:dirt":15,"minecraft:crafting_table":3,"minecraft:light":89,"minecraft:command_block":1,"deeperdarker:sculk_stone":72,"minecraft:red_carpet":1,"minecraft:wooden_sword":24,"minecraft:cobblestone":19,"minecraft:beef":3,"minecraft:furnace":1,"minecraft:stone_pressure_plate":1,"deeperdarker:gloomy_cactus":1},"minecraft:crafted":{"minecraft:wooden_sword":1,"minecraft:oak_planks":24,"minecraft:crafting_table":2,"minecraft:wooden_pickaxe":1,"minecraft:furnace":1,"minecraft:cooked_salmon":2,"minecraft:birch_planks":8,"minecraft:stick":16,"minecraft:stone_pickaxe":5,"minecraft:stone_sword":1,"minecraft:torch":4},"minecraft:killed":{"minecraft:evoker":3,"minecraft:elder_guardian":7,"minecraft:salmon":8,"minecraft:vindicator":11,"minecraft:spider":4,"minecraft:bat":1,"minecraft:creeper":9,"minecraft:skeleton":12,"minecraft:zombie":6,"minecraft:warden":2,"minecraft:cow":2},"minecraft:custom":{"minecraft:interact_with_furnace":3,"minecraft:mob_kills":65,"minecraft:interact_with_crafting_table":5,"minecraft:time_since_death":99114,"minecraft:climb_one_cm":768,"minecraft:time_since_rest":99490,"minecraft:sprint_one_cm":86519,"minecraft:damage_absorbed":40,"minecraft:damage_taken":1375,"minecraft:walk_one_cm":199009,"minecraft:damage_dealt":25577,"minecraft:swim_one_cm":25546,"minecraft:fly_one_cm":416716,"minecraft:open_chest":21,"minecraft:crouch_one_cm":1595,"minecraft:play_time":111611,"minecraft:deaths":4,"minecraft:sneak_time":1642,"minecraft:walk_under_water_one_cm":7180,"minecraft:jump":349,"minecraft:walk_on_water_one_cm":4522,"minecraft:total_world_time":111611,"minecraft:fall_one_cm":8605},"minecraft:killed_by":{"minecraft:skeleton":3,"minecraft:enderman":1},"minecraft:picked_up":{"minecraft:birch_log":2,"minecraft:crafting_table":1,"minecraft:prismarine_shard":50,"minecraft:andesite":12,"minecraft:salmon":5,"minecraft:leather":4,"minecraft:oak_log":6,"minecraft:gunpowder":38,"minecraft:dirt":57,"minecraft:string":24,"minecraft:iron_axe":5,"minecraft:wooden_sword":3,"minecraft:red_carpet":1,"minecraft:bone":65,"deeperdarker:warden_carapace":5,"minecraft:bow":4,"minecraft:beef":5,"minecraft:bamboo":1,"minecraft:sculk_catalyst":2,"minecraft:stick":6,"minecraft:torch":1,"deeperdarker:heart_of_the_deep":2,"minecraft:gravel":4,"minecraft:pointed_dripstone":1,"minecraft:diorite":25,"minecraft:carrot":1,"minecraft:prismarine_crystals":11,"minecraft:spider_eye":20,"minecraft:arrow":84,"minecraft:rotten_flesh":43,"minecraft:cooked_cod":36,"minecraft:deepslate":1,"minecraft:tide_armor_trim_smithing_template":2,"minecraft:soul_lantern":1,"minecraft:lever":2,"minecraft:bone_meal":1,"minecraft:totem_of_undying":3,"minecraft:emerald":71,"minecraft:coal":22,"minecraft:cobblestone":348,"minecraft:wet_sponge":7},"minecraft:mined":{"minecraft:crafting_table":1,"minecraft:torch":1,"minecraft:grass_block":14,"minecraft:cobblestone":2,"minecraft:diorite":25,"minecraft:birch_log":2,"minecraft:birch_leaves":8,"minecraft:andesite":12,"minecraft:grass":1,"minecraft:coal_ore":22,"minecraft:oak_log":6,"minecraft:gravel":4,"minecraft:dirt":28,"minecraft:stone":346,"minecraft:oak_leaves":1}},"DataVersion":3463}