{"stats":{"minecraft:broken":{"minecraft:stone_pickaxe":2,"minecraft:wooden_pickaxe":1},"minecraft:used":{"minecraft:netherite_sword":44,"minecraft:stone_sword":4,"minecraft:birch_planks":1,"minecraft:stone_pickaxe":380,"minecraft:wooden_pickaxe":59,"minecraft:cooked_salmon":1,"minecraft:golden_apple":1,"minecraft:salmon":3,"minecraft:torch":2,"minecraft:dirt":15,"minecraft:crafting_table":3,"minecraft:light":32,"minecraft:command_block":1,"minecraft:red_carpet":1,"minecraft:wooden_sword":24,"minecraft:cobblestone":19,"minecraft:beef":3,"minecraft:furnace":1,"minecraft:stone_pressure_plate":1},"minecraft:crafted":{"minecraft:wooden_sword":1,"minecraft:oak_planks":24,"minecraft:crafting_table":2,"minecraft:wooden_pickaxe":1,"minecraft:furnace":1,"minecraft:cooked_salmon":2,"minecraft:birch_planks":8,"minecraft:stick":16,"minecraft:stone_pickaxe":5,"minecraft:stone_sword":1,"minecraft:torch":4},"minecraft:killed":{"minecraft:evoker":3,"minecraft:salmon":8,"minecraft:vindicator":11,"minecraft:spider":4,"minecraft:bat":1,"minecraft:creeper":9,"minecraft:skeleton":12,"minecraft:zombie":6,"minecraft:cow":2},"minecraft:custom":{"minecraft:interact_with_furnace":3,"minecraft:mob_kills":56,"minecraft:interact_with_crafting_table":5,"minecraft:time_since_death":75114,"minecraft:climb_one_cm":768,"minecraft:time_since_rest":75490,"minecraft:sprint_one_cm":84965,"minecraft:damage_absorbed":40,"minecraft:damage_taken":1375,"minecraft:walk_one_cm":159651,"minecraft:damage_dealt":9977,"minecraft:swim_one_cm":25546,"minecraft:fly_one_cm":261205,"minecraft:open_chest":8,"minecraft:crouch_one_cm":857,"minecraft:play_time":87611,"minecraft:deaths":4,"minecraft:sneak_time":1123,"minecraft:walk_under_water_one_cm":7180,"minecraft:jump":308,"minecraft:walk_on_water_one_cm":4522,"minecraft:total_world_time":87611,"minecraft:fall_one_cm":8605},"minecraft:killed_by":{"minecraft:skeleton":3,"minecraft:enderman":1},"minecraft:picked_up":{"minecraft:birch_log":2,"minecraft:crafting_table":1,"minecraft:andesite":12,"minecraft:salmon":5,"minecraft:leather":4,"minecraft:oak_log":6,"minecraft:gunpowder":38,"minecraft:dirt":57,"minecraft:string":24,"minecraft:iron_axe":5,"minecraft:wooden_sword":3,"minecraft:red_carpet":1,"minecraft:bone":65,"minecraft:bow":4,"minecraft:beef":5,"minecraft:stick":6,"minecraft:torch":1,"minecraft:gravel":4,"minecraft:diorite":25,"minecraft:carrot":1,"minecraft:spider_eye":20,"minecraft:arrow":77,"minecraft:rotten_flesh":43,"minecraft:lever":2,"minecraft:bone_meal":1,"minecraft:totem_of_undying":3,"minecraft:emerald":71,"minecraft:coal":22,"minecraft:cobblestone":348},"minecraft:mined":{"minecraft:crafting_table":1,"minecraft:torch":1,"minecraft:grass_block":14,"minecraft:cobblestone":2,"minecraft:diorite":25,"minecraft:birch_log":2,"minecraft:birch_leaves":8,"minecraft:andesite":12,"minecraft:grass":1,"minecraft:coal_ore":22,"minecraft:oak_log":6,"minecraft:gravel":4,"minecraft:dirt":28,"minecraft:stone":346,"minecraft:oak_leaves":1}},"DataVersion":3463}